/*
SQLyog Д╪│Д╦ Г┴┬ - MySQL GUI v8.14 
MySQL - 5.6.20-log : Database - wgqc
*********************************************************************
*/

/*!40101 SET NAMES utf8 */;

/*!40101 SET SQL_MODE=''*/;

/*!40014 SET @OLD_UNIQUE_CHECKS=@@UNIQUE_CHECKS, UNIQUE_CHECKS=0 */;
/*!40014 SET @OLD_FOREIGN_KEY_CHECKS=@@FOREIGN_KEY_CHECKS, FOREIGN_KEY_CHECKS=0 */;
/*!40101 SET @OLD_SQL_MODE=@@SQL_MODE, SQL_MODE='NO_AUTO_VALUE_ON_ZERO' */;
/*!40111 SET @OLD_SQL_NOTES=@@SQL_NOTES, SQL_NOTES=0 */;
CREATE DATABASE /*!32312 IF NOT EXISTS*/`wgqc` /*!40100 DEFAULT CHARACTER SET utf8 */;

USE `wgqc`;

/*Table structure for table `WGQC_Ad` */

DROP TABLE IF EXISTS `WGQC_Ad`;

CREATE TABLE `WGQC_Ad` (
  `Ad_id` varchar(200) NOT NULL COMMENT 'Е╧©Е▒┼ID',
  `ad_picture` varchar(200) NOT NULL COMMENT 'Е╧©Е▒┼Е⌡╬Г┴┤',
  `ad_location` varchar(100) NOT NULL COMMENT 'Е╧©Е▒┼Д╫█Г╫╝',
  `ad_href` varchar(200) DEFAULT NULL COMMENT 'И⌠╬Ф▌╔Е°╟Е²─',
  `ad_status` varchar(100) NOT NULL COMMENT 'Г┼╤Ф─│',
  `create_time` timestamp(6) NOT NULL DEFAULT CURRENT_TIMESTAMP(6) ON UPDATE CURRENT_TIMESTAMP(6) COMMENT 'Е┬⌡Е╩╨Ф≈╤И≈╢',
  PRIMARY KEY (`Ad_id`)
) ENGINE=InnoDB DEFAULT CHARSET=utf8;

/*Data for the table `WGQC_Ad` */

LOCK TABLES `WGQC_Ad` WRITE;

insert  into `WGQC_Ad`(`Ad_id`,`ad_picture`,`ad_location`,`ad_href`,`ad_status`,`create_time`) values ('000001','','Ф╟╢Ф·°','www.baidu.com','N','2016-10-08 09:26:29.829948'),('000002','','Ф╟╢Ф·°','www.baidu.com','Y','2016-09-30 11:48:36.777550'),('000003','','Г■÷И╡°','www.baidu.com','Y','2016-09-30 11:48:41.220540'),('185eb43b6b0949bcb689864e541878c8','/mwbase/apptemp/images/ad/20161007154410506.jpg','Ф╟╢Ф·°','www.baidu.com','N','2016-10-07 15:44:15.000000'),('59ee5d6166dd49cab45839a97c8ca9da','/mwbase/apptemp/images/ad/20161007114004105.jpg','Ф╟╢Ф·°','www.baidu.com','N','2016-10-07 15:37:01.685103');

UNLOCK TABLES;

/*Table structure for table `WGQC_Address` */

DROP TABLE IF EXISTS `WGQC_Address`;

CREATE TABLE `WGQC_Address` (
  `Address_id` varchar(200) NOT NULL COMMENT 'Е°╟Е²─id',
  `user_id` varchar(200) NOT NULL COMMENT 'Г■╗Ф┬╥ID',
  `dename` varchar(100) NOT NULL COMMENT 'Ф▌╔Ф■╤Д╨╨Е░█Г╖╟',
  `province` varchar(100) DEFAULT NULL COMMENT 'Г°│Д╩╫',
  `city` varchar(100) NOT NULL COMMENT 'Е÷▌Е╦┌',
  `area` varchar(100) NOT NULL COMMENT 'Е▄╨О╪┬Е▌©О╪┴',
  `addressdetail` varchar(400) NOT NULL COMMENT 'Ф▌╔Ф■╤Д╨╨Х╞╕Г╩├Е°╟Е²─',
  `mobile` varchar(50) NOT NULL COMMENT 'Ф┴▀Ф°╨',
  `defaultaddr` varchar(10) NOT NULL COMMENT 'Ф≤╞Е░╕И╩≤Х╝╓(1О╪ И╩≤Х╝╓ 0О╪ И²·И╩≤Х╝╓)',
  `create_time` timestamp(6) NOT NULL DEFAULT CURRENT_TIMESTAMP(6) ON UPDATE CURRENT_TIMESTAMP(6) COMMENT 'Е┬⌡Е╩╨Ф≈╤И≈╢',
  PRIMARY KEY (`Address_id`)
) ENGINE=InnoDB DEFAULT CHARSET=utf8;

/*Data for the table `WGQC_Address` */

LOCK TABLES `WGQC_Address` WRITE;

insert  into `WGQC_Address`(`Address_id`,`user_id`,`dename`,`province`,`city`,`area`,`addressdetail`,`mobile`,`defaultaddr`,`create_time`) values ('000001','000001','Е▒╗Г▒°','Ф╠÷Х▀▐','Ф┴╛Е╥·','Е╧©И≥╣Е▄╨','И┤▒Г⌡⌡Е╓╖Е▌╕','18168007885','','2016-08-26 12:00:03.000000'),('000002','000002','Х╞╦Х▒⌡Д╨╝','Ф╠÷Х▀▐','Ф┴╛Е╥·','Х╫╘Х╬∙Е▄╨','Д╦┤Г╖▒Е╓╖Е▌╕','18268004562','','2016-05-26 12:00:03.000000'),('000003','000003','Е╜≥Ф²┐','Ф╠÷Х▀▐','Ф┴╛Е╥·','Е╓╖Е▓▄Е▄╨','Ф│▓Е╓╖Е╓╖Е▌╕','18520314152','','2016-02-26 12:00:03.000000');

UNLOCK TABLES;

/*Table structure for table `WGQC_Catalog` */

DROP TABLE IF EXISTS `WGQC_Catalog`;

CREATE TABLE `WGQC_Catalog` (
  `cid` varchar(200) NOT NULL COMMENT 'Е╬╝Д©║Е∙├Е÷▌Е∙├Е⌠│Е┬├Г╠╩id',
  `cname` varchar(200) NOT NULL COMMENT 'Е┬≈ФЁ╗И┤┼',
  `parent_cid` varchar(200) DEFAULT NULL COMMENT 'Е∙├Е⌠│Г┬╤id',
  `seq_id` varchar(200) DEFAULT NULL COMMENT 'Е∙├Е⌠│Е┬├Г╠╩Ф▌▓Е╨▐id',
  `create_time` timestamp NOT NULL DEFAULT CURRENT_TIMESTAMP ON UPDATE CURRENT_TIMESTAMP COMMENT 'Е┬⌡Е╩╨Ф≈╤И≈╢',
  PRIMARY KEY (`cid`)
) ENGINE=InnoDB DEFAULT CHARSET=utf8;

/*Data for the table `WGQC_Catalog` */

LOCK TABLES `WGQC_Catalog` WRITE;

insert  into `WGQC_Catalog`(`cid`,`cname`,`parent_cid`,`seq_id`,`create_time`) values ('000001','Ф╟╢Ф·°','000001','000001','2016-08-26 12:00:03'),('000002','Г■÷И╡°','000002','000002','2016-08-26 12:00:03'),('000003','И╠╪','000003','000003','2016-08-26 12:00:03');

UNLOCK TABLES;

/*Table structure for table `WGQC_Goods` */

DROP TABLE IF EXISTS `WGQC_Goods`;

CREATE TABLE `WGQC_Goods` (
  `proid` varchar(200) NOT NULL COMMENT 'Д╨╖Е⌠│Id(Д╦▌skuХ║╗proskuidХ©⌡Х║▄Е┘ЁХ│■)',
  `classid` varchar(200) NOT NULL COMMENT 'Е┬├Г╠╩Id',
  `proname` varchar(100) NOT NULL COMMENT 'Д╨╖Е⌠│Е░█Г╖╟',
  `prodescri` varchar(200) DEFAULT NULL COMMENT 'Д╨╖Е⌠│Г╝─Д╩▀',
  `colorpic` varchar(200) DEFAULT NULL COMMENT 'Д╨╖Е⌠│Е┬≈Х║╗И║╣Е⌡╬Г┴┤(Г╪╘Г∙╔Е⌡╬)',
  `goodpic` varchar(200) DEFAULT NULL COMMENT 'Е∙├Е⌠│Г⌡╦Е├▄',
  `gooddetail` varchar(200) DEFAULT NULL COMMENT 'Е∙├Е⌠│Х╞╕Ф┐┘',
  `prosericenum` varchar(200) DEFAULT NULL COMMENT 'Д╨╖Е⌠│Е╨▐Е┬≈Е▐╥',
  `isshow` varchar(20) NOT NULL COMMENT 'NYД╦┼Ф·╤',
  `create_time` timestamp NOT NULL DEFAULT CURRENT_TIMESTAMP ON UPDATE CURRENT_TIMESTAMP,
  `isdiscount` varchar(20) NOT NULL COMMENT 'Ф≤╞Е░╕Г┴╧Д╩╥',
  PRIMARY KEY (`proid`)
) ENGINE=InnoDB DEFAULT CHARSET=utf8;

/*Data for the table `WGQC_Goods` */

LOCK TABLES `WGQC_Goods` WRITE;

insert  into `WGQC_Goods`(`proid`,`classid`,`proname`,`prodescri`,`colorpic`,`goodpic`,`gooddetail`,`prosericenum`,`isshow`,`create_time`,`isdiscount`) values ('000001','000001','Ф√╟Х╔©Е┘╟Г╨╒Г▌╚Г▒╟Х▀╧Ф·°Queen4Д╦╙Г╨╕180g/Д╦╙Ф╟╢Ф·°','Ф°┴Е╓╖Ф°┴Г╨╒','','','','000001','Y','2016-10-07 15:55:51',''),('000002','000002','Ф╬ЁЕ╓╖Е┬╘Д╨ Х└░Ф╘≥12Д╦╙Г╨╕160g/Д╦╙ Ф√╟И╡°Ф╟╢Ф·°','','','','','000002','N','2016-10-08 19:37:20',''),('000003','000003','Ф╩║88Е┤▐40ФЁ╟Е⌡╫Ф╓╟И²▓4Д╦╙Г╨╕700g/Д╦╙И─│Е╪─Ф╓╟Е≥╗Ф╓╟Ф╠│Ф╓╟Е╜░Ф╟╢Ф·°','','','','','000003','N','2016-10-07 15:55:51',''),('15c4c725bf7044578bce272a100428d8','000003','500Е┘┐',NULL,'http://localhost:30021/WGQC/mwbase/apptemp/images/productDetail/20161003223058581.png',NULL,NULL,NULL,'Y','2016-10-09 10:49:16','N'),('7460526d7cdd4e2e954c6fd8d213437e','000001','Ф╣▀Х╞∙Ф╟╢Ф·°','Ф╣▀Х╞∙Ф╟╢Ф·°Г╝─Д╩▀','http://localhost:30021/WGQC/mwbase/apptemp/images/productDetail/20161003223058581.png','/mwbase/apptemp/images/photoAlbum/20161008194300302.jpg','<p><img style=\"\" src=\"/WGQC/product/showImage?imageAddress=/mwbase/apptemp/images/productDetail/20161008194919008.jpg\"><br></p>',NULL,'N','2016-10-08 19:52:16','N'),('9b6831ab85ff4d4680b60bd3205db38e','000001','123','123','http://localhost:30021/WGQC/mwbase/apptemp/images/productDetail/20161003223058581.png','/mwbase/apptemp/images/photoAlbum/20161008194451412.jpg','<p><img src=\"/WGQC/product/showImage?imageAddress=/mwbase/apptemp/images/productDetail/20161008194503275.jpg\" style=\"\">qweqweqweqweqeqweqwe<br></p>',NULL,'N','2016-10-08 19:45:10','N');

UNLOCK TABLES;

/*Table structure for table `WGQC_Member` */

DROP TABLE IF EXISTS `WGQC_Member`;

CREATE TABLE `WGQC_Member` (
  `openid` varchar(200) NOT NULL COMMENT 'Е╬╝Д©║Openid',
  `user_id` varchar(200) NOT NULL COMMENT 'Г■╗Ф┬╥ID',
  `nickname` varchar(100) NOT NULL COMMENT 'Ф≤╣Г╖╟',
  `usertype` varchar(100) DEFAULT NULL COMMENT 'Г■╗Ф┬╥Г╠╩Е·▀',
  `userpic` varchar(200) NOT NULL COMMENT 'Г■╗Ф┬╥Е╓╢Е┐▐',
  `usermoney` varchar(200) NOT NULL COMMENT 'Г■╗Ф┬╥Д╫≥И╒²',
  `create_time` timestamp(6) NOT NULL DEFAULT CURRENT_TIMESTAMP(6) ON UPDATE CURRENT_TIMESTAMP(6) COMMENT 'Е┬⌡Е╩╨Ф≈╤И≈╢',
  PRIMARY KEY (`openid`)
) ENGINE=InnoDB DEFAULT CHARSET=utf8;

/*Data for the table `WGQC_Member` */

LOCK TABLES `WGQC_Member` WRITE;

insert  into `WGQC_Member`(`openid`,`user_id`,`nickname`,`usertype`,`userpic`,`usermoney`,`create_time`) values ('wx23424','000003','Ф²▌Г≥╫','C','','50','2016-08-23 11:50:14.000000'),('wx342342','000001','Е╓╖Е▓▄И╜┌','A','','600','2016-09-23 12:49:37.939173'),('wx342343','000002','Г▌▀Е╓╖Е╓╖','B','','20','2016-08-26 12:00:03.000000'),('wx342344','000004','Е┬≤Е╓╖Х┐║','B','','0','2016-09-24 21:14:03.640383'),('wx434234','000005','Е╓╖Е▓▄И╜┌','B','','800','2016-09-24 21:14:07.286644');

UNLOCK TABLES;

/*Table structure for table `WGQC_Order` */

DROP TABLE IF EXISTS `WGQC_Order`;

CREATE TABLE `WGQC_Order` (
  `order_id` varchar(200) NOT NULL COMMENT 'Х╝╒Е█∙ID',
  `order_num` varchar(100) NOT NULL COMMENT 'Х╝╒Е█∙Г╪√Е▐╥',
  `user_id` varchar(100) NOT NULL COMMENT 'Г■╗Ф┬╥ID',
  `remark` varchar(200) DEFAULT NULL COMMENT 'Х╝╒Е█∙Е╓┤ФЁ╗',
  `user_address` varchar(300) NOT NULL COMMENT 'Ф■╤Х╢╖Е°╟Е²─',
  `pay_type` varchar(10) NOT NULL COMMENT 'Ф■╞Д╩≤Г╠╩Е·▀',
  `pay_amount` varchar(200) NOT NULL COMMENT 'Ф■╞Д╩≤И┤▒И╒²',
  `order_type` varchar(200) NOT NULL COMMENT 'Х╝╒Е█∙Г╠╩Е·▀',
  `order_status` varchar(200) NOT NULL COMMENT 'Х╝╒Е█∙Г┼╤Ф─│',
  `delivery_time` varchar(200) NOT NULL COMMENT 'И┘█И─│Ф≈╤И≈╢',
  `pay_time` timestamp(6) NOT NULL DEFAULT CURRENT_TIMESTAMP(6) ON UPDATE CURRENT_TIMESTAMP(6) COMMENT 'Ф■╞Д╩≤Ф≈╤И≈╢',
  `extra_pay` varchar(200) NOT NULL COMMENT 'Х©░Х╢╧',
  `sum_pay` varchar(200) NOT NULL COMMENT 'Ф─╩И┤▒И╒²',
  `create_time` timestamp(6) NOT NULL DEFAULT '0000-00-00 00:00:00.000000' COMMENT 'Е┬⌡Е╩╨Ф≈╤И≈╢',
  PRIMARY KEY (`order_id`)
) ENGINE=InnoDB DEFAULT CHARSET=utf8;

/*Data for the table `WGQC_Order` */

LOCK TABLES `WGQC_Order` WRITE;

insert  into `WGQC_Order`(`order_id`,`order_num`,`user_id`,`remark`,`user_address`,`pay_type`,`pay_amount`,`order_type`,`order_status`,`delivery_time`,`pay_time`,`extra_pay`,`sum_pay`,`create_time`) values ('000001','000001','000001',NULL,'Е╪═Е┘┬Г■÷ 13913012345','Z','200','X','002','2Е╟▐Ф≈╤Е├┘Е┬╟Х╬╬','2016-09-28 22:03:56.969701','5','205','2016-07-26 12:00:03.000000'),('000002','000002','000002',NULL,'','Z','300','X','001','13:00~14:00','2016-09-24 22:44:50.003925','5','305','2016-08-26 12:00:03.000000'),('000003','000003','000003',NULL,'','Z','400','C','003','13:00~14:00','2016-10-09 10:44:07.774728','0','400','2016-09-26 17:22:03.000000'),('000004','000004','000004',NULL,'И≥┬Е╟▐Е╖░ 13812320987','Z','300','X','Ф╜ёЕ°╗Е╓┤Х╢╖','2Е╟▐Ф≈╤Е├┘Е┬╟Х╬╬','2016-09-23 20:37:23.938302','0','300','2016-09-23 20:37:17.000000'),('000005','000005','000005',NULL,'Е┬≤Е╓╖Г┬╥ 18767666778','Z','100','X','Е╥╡Ф■╞Д╩≤','13:00~14:00','2016-09-23 20:42:34.771252','0','300','2016-09-23 20:42:25.000000'),('000006','000006','000006',NULL,'Е┬≤Е╖╔Е╖╔ 13244444529','Z','500','X','Е╥╡Ф■╞Д╩≤','2Е╟▐Ф≈╤Е├┘Е┬╟Х╬╬','2016-09-23 20:56:59.703427','0','300','2016-09-23 20:53:22.000000'),('000007','000007','000007',NULL,'Г▌▀Е╖╔Е╖╔ 13244444530','Z','300','X','Е╥╡Ф■╞Д╩≤','2Е╟▐Ф≈╤Е├┘Е┬╟Х╬╬','2016-09-23 20:57:47.435049','0','800','2016-09-23 20:57:41.000000'),('000008','000008','000008',NULL,'Г■╟Е┘┬Г■÷ 17773235235','Z','200','X','Е╥╡Ф■╞Д╩≤','13:00~14:00','2016-09-23 21:05:39.813259','','200','2016-09-23 21:05:33.000000'),('000009','000009','000009',NULL,'Ф²▌Е┘┬Г■÷ 18734234230','Z','100','X','Е╥╡Ф■╞Д╩≤','14:00~15:00','2016-09-26 17:24:39.849414','5','400','2016-09-26 17:24:32.000000'),('000010','000010','000010',NULL,'Е╪═Е┘┬Г■÷ 13913012345','Z','700','X','Е╥╡Ф■╞Д╩≤','2Е╟▐Ф≈╤Е├┘Е┬╟Х╬╬','2016-09-27 08:19:57.497821','5','705','2016-09-27 08:19:56.000000');

UNLOCK TABLES;

/*Table structure for table `WGQC_Order_Detail` */

DROP TABLE IF EXISTS `WGQC_Order_Detail`;

CREATE TABLE `WGQC_Order_Detail` (
  `orderdetail_id` varchar(200) NOT NULL COMMENT 'Х╝╒Е█∙Ф≤▌Г╩├ID',
  `order_id` varchar(100) NOT NULL COMMENT 'Х╝╒Е█∙Г╪√Е▐╥',
  `prosku_id` varchar(200) NOT NULL COMMENT 'Д╨╖Е⌠│SKUId',
  `numsku` varchar(100) DEFAULT NULL COMMENT 'skuД╨╖Е⌠│Ф∙╟И┤▐(Е╓ Е╟▒Д╦╙sku)',
  `subtotal` varchar(200) NOT NULL COMMENT 'Д╩╥Ф═╪(Е╓ Д╦╙skuГ └И┤▒И╒²)',
  `praise_content` varchar(500) NOT NULL COMMENT 'Х╞└Д╩╥Е├┘Е╝╧',
  `praise_star` varchar(20) NOT NULL COMMENT 'Х╞└Д╩╥Ф≤÷Г╨╖',
  `create_time` timestamp(6) NOT NULL DEFAULT CURRENT_TIMESTAMP(6) ON UPDATE CURRENT_TIMESTAMP(6) COMMENT 'Е┬⌡Е╩╨Ф≈╤И≈╢',
  PRIMARY KEY (`orderdetail_id`)
) ENGINE=InnoDB DEFAULT CHARSET=utf8;

/*Data for the table `WGQC_Order_Detail` */

LOCK TABLES `WGQC_Order_Detail` WRITE;

insert  into `WGQC_Order_Detail`(`orderdetail_id`,`order_id`,`prosku_id`,`numsku`,`subtotal`,`praise_content`,`praise_star`,`create_time`) values ('000001','000001','000001','3','60','Е╬┬Е╔╫Е░┐','5','2016-09-24 16:30:33.732574'),('000002','000001','000004','5','100','Г■°И┘╦','4','2016-09-24 16:30:33.741076'),('000003','000003','000003','6','240','Г■°','3','2016-09-24 16:30:33.749913');

UNLOCK TABLES;

/*Table structure for table `WGQC_Praise` */

DROP TABLE IF EXISTS `WGQC_Praise`;

CREATE TABLE `WGQC_Praise` (
  `praise_id` varchar(200) NOT NULL COMMENT 'Х╞└Д╩╥Е├┘Е╝╧ID',
  `user_id` varchar(200) NOT NULL COMMENT 'Г■╗Ф┬╥ID',
  `skugood` varchar(100) NOT NULL COMMENT 'Х╞└Д╩╥Е∙├Е⌠│',
  `praise_content` varchar(500) DEFAULT NULL COMMENT 'Х╞└Д╩╥Е├┘Е╝╧',
  `praise_star` varchar(200) NOT NULL COMMENT 'Х╞└Д╩╥Ф≤÷Г╨╖',
  `praise_time` timestamp(6) NOT NULL DEFAULT CURRENT_TIMESTAMP(6) ON UPDATE CURRENT_TIMESTAMP(6) COMMENT 'Х╞└Д╩╥Ф≈╤И≈╢',
  `audit_status` varchar(20) NOT NULL COMMENT 'Е╝║Ф═╦Г┼╤Ф─│',
  PRIMARY KEY (`praise_id`)
) ENGINE=InnoDB DEFAULT CHARSET=utf8;

/*Data for the table `WGQC_Praise` */

LOCK TABLES `WGQC_Praise` WRITE;

insert  into `WGQC_Praise`(`praise_id`,`user_id`,`skugood`,`praise_content`,`praise_star`,`praise_time`,`audit_status`) values ('000001','000001','Х▀╧Ф·°','И╡°','5','2016-09-28 22:09:34.100263','N'),('000002','000002','И╕≥Х∙┴','Е╓╖','4','2016-10-09 10:43:22.111147','Y'),('000003','000003','И╠╪','Г╬▌','5','2016-10-08 17:56:12.394322','Y');

UNLOCK TABLES;

/*Table structure for table `WGQC_Set` */

DROP TABLE IF EXISTS `WGQC_Set`;

CREATE TABLE `WGQC_Set` (
  `set_id` varchar(10) NOT NULL,
  `set_object` varchar(50) DEFAULT NULL COMMENT 'Е╞╧Х╠║Х╝╬Г╫╝Е▄┘Е░╚Е┘┘Е─╪Е█║Е▓▄Е┘█И┌╝И┤▒И╒²',
  `set_type` varchar(10) DEFAULT NULL COMMENT 'FХ║╗Г╓╨Е┘█И┌╝И┤▒И╒²О╪▄CХ║╗Г╓╨Е┘┘Е─╪Е█║',
  PRIMARY KEY (`set_id`)
) ENGINE=InnoDB DEFAULT CHARSET=utf8;

/*Data for the table `WGQC_Set` */

LOCK TABLES `WGQC_Set` WRITE;

insert  into `WGQC_Set`(`set_id`,`set_object`,`set_type`) values ('000001','Е┘┘100Е╬≈110','C'),('000002','Е┘┘200Е╬≈230','C'),('000003','Е┘┘50Е╬≈55','C'),('000004','Е┘┘500Е╬≈6000','C'),('000005','49','F');

UNLOCK TABLES;

/*Table structure for table `WGQC_Sku` */

DROP TABLE IF EXISTS `WGQC_Sku`;

CREATE TABLE `WGQC_Sku` (
  `proskuid` varchar(200) NOT NULL COMMENT 'Д╨╖Е⌠│SKUId',
  `sku` varchar(100) DEFAULT NULL COMMENT 'Д╨╖Е⌠│SKU(Х╖└Ф═╪)',
  `skuname` varchar(100) NOT NULL COMMENT 'SKUЕ░█Г╖╟',
  `proid` varchar(200) NOT NULL COMMENT 'Д╨╖Е⌠│Id',
  `isdiscount` varchar(20) NOT NULL COMMENT 'Ф≤╞Е░╕Г┴╧Д╩╥',
  `discountprice` varchar(100) DEFAULT NULL COMMENT 'Г┴╧Д╩╥',
  `sellprice` varchar(200) NOT NULL COMMENT 'Ф°╛Г╚≥И■─Е■╝Д╩╥',
  `salevolume` varchar(200) DEFAULT NULL COMMENT 'И■─И┤▐',
  `inventory` varchar(200) NOT NULL COMMENT 'Е╨⌠Е╜≤',
  `sku_states` varchar(200) DEFAULT NULL COMMENT 'Г┼╤Ф─│',
  `create_time` timestamp(6) NOT NULL DEFAULT CURRENT_TIMESTAMP(6) ON UPDATE CURRENT_TIMESTAMP(6) COMMENT 'Е┬⌡Е╩╨Ф≈╤И≈╢',
  `proname` varchar(100) NOT NULL,
  PRIMARY KEY (`proskuid`)
) ENGINE=InnoDB DEFAULT CHARSET=utf8;

/*Data for the table `WGQC_Sku` */

LOCK TABLES `WGQC_Sku` WRITE;

insert  into `WGQC_Sku`(`proskuid`,`sku`,`skuname`,`proid`,`isdiscount`,`discountprice`,`sellprice`,`salevolume`,`inventory`,`sku_states`,`create_time`,`proname`) values ('000001','3','3Ф√╓О╪┬5Д╦╙О╪┴','000001','Y','10','20','100','300','Y','2016-09-24 16:18:29.061945','Ф√╟Х╔©Е┘╟Г╨╒Г▌╚Г▒╟Х▀╧Ф·°Queen4Д╦╙Г╨╕180g/Д╦╙Ф╟╢Ф·°'),('000002','4','4Ф√╓О╪┬6Д╦╙О╪┴','000001','N','20','30','200','200','N','2016-09-24 16:18:29.070741','Ф√╟Х╔©Е┘╟Г╨╒Г▌╚Г▒╟Х▀╧Ф·°Queen4Д╦╙Г╨╕180g/Д╦╙Ф╟╢Ф·°'),('000003','5','5Ф√╓О╪┬7Д╦╙О╪┴','000001','N','30','40','300','100','','2016-09-24 16:18:29.085473','Ф√╟Х╔©Е┘╟Г╨╒Г▌╚Г▒╟Х▀╧Ф·°Queen4Д╦╙Г╨╕180g/Д╦╙Ф╟╢Ф·°'),('000004','10','10Ф√╓О╪┬9Д╦╙О╪┴','000002','Y','10','20','100','300','Y','2016-09-24 16:21:54.008879','Ф╬ЁЕ╓╖Е┬╘Д╨ Х└░Ф╘≥12Д╦╙Г╨╕160g/Д╦╙ Ф√╟И╡°Ф╟╢Ф·°'),('62c7587480b141da835734543c5a152b',NULL,'5Ф√╓Хё┘','7460526d7cdd4e2e954c6fd8d213437e','N','','20',NULL,'200',NULL,'2016-10-08 19:51:43.000000','Ф╣▀Х╞∙Ф╟╢Ф·°'),('6990d6fd9dcb4f75812a34afda4650b9',NULL,'234','9b6831ab85ff4d4680b60bd3205db38e','N','234','234',NULL,'234',NULL,'2016-10-08 19:45:10.000000','123'),('8c12622a55d84cafafb525e2283816a4',NULL,'500Е┘┐','15c4c725bf7044578bce272a100428d8','Y','500','550',NULL,'100000000',NULL,'2016-10-09 10:49:17.000000','500Е┘┐'),('b07892a68ced411fa99fb8a6bcd21567',NULL,'123','9b6831ab85ff4d4680b60bd3205db38e','N','123','123',NULL,'123',NULL,'2016-10-08 19:45:10.000000','123'),('f91beff1829c4d569cb9c7b154af8975',NULL,'3Ф√╓Хё┘','7460526d7cdd4e2e954c6fd8d213437e','N','','10',NULL,'100',NULL,'2016-10-08 19:51:43.000000','Ф╣▀Х╞∙Ф╟╢Ф·°');

UNLOCK TABLES;

/*Table structure for table `WGQC_order_status` */

DROP TABLE IF EXISTS `WGQC_order_status`;

CREATE TABLE `WGQC_order_status` (
  `order_status_id` varchar(10) NOT NULL,
  `order_status_name` varchar(45) DEFAULT NULL,
  PRIMARY KEY (`order_status_id`)
) ENGINE=InnoDB DEFAULT CHARSET=utf8 COMMENT='Х╝╒Е█∙Г┼╤Ф─│Х║╗';

/*Data for the table `WGQC_order_status` */

LOCK TABLES `WGQC_order_status` WRITE;

insert  into `WGQC_order_status`(`order_status_id`,`order_status_name`) values ('001','Ф╜ёЕ°╗Е╓┤Х╢╖'),('002','Ф╜ёЕ°╗Е▐▒Х╢╖'),('003','Х╝╒Е█∙Е╝▄Ф┬░');

UNLOCK TABLES;

/*Table structure for table `WGQC_shopcart` */

DROP TABLE IF EXISTS `WGQC_shopcart`;

CREATE TABLE `WGQC_shopcart` (
  `sp_id` varchar(200) NOT NULL COMMENT 'Х╞└Д╩╥Е├┘Е╝╧ID',
  `user_id` varchar(200) NOT NULL COMMENT 'Г■╗Ф┬╥ID',
  `prosku_id` varchar(100) NOT NULL COMMENT 'Д╨╖Е⌠│skuId',
  `create_time` timestamp(6) NOT NULL DEFAULT CURRENT_TIMESTAMP(6) ON UPDATE CURRENT_TIMESTAMP(6) COMMENT 'Е┬⌡Е╩╨Ф≈╤И≈╢',
  PRIMARY KEY (`sp_id`)
) ENGINE=InnoDB DEFAULT CHARSET=utf8;

/*Data for the table `WGQC_shopcart` */

LOCK TABLES `WGQC_shopcart` WRITE;

insert  into `WGQC_shopcart`(`sp_id`,`user_id`,`prosku_id`,`create_time`) values ('000001','000001','000001','2016-08-26 12:00:03.000000'),('000002','000002','000002','2016-04-26 12:00:03.000000'),('000003','000003','000003','2016-01-26 12:00:03.000000');

UNLOCK TABLES;

/*Table structure for table `WX_TOKEN_TICKET_CONFIG` */

DROP TABLE IF EXISTS `WX_TOKEN_TICKET_CONFIG`;

CREATE TABLE `WX_TOKEN_TICKET_CONFIG` (
  `ACCESSTOKEN` varchar(4000) DEFAULT NULL,
  `JSAPI_TICKET` varchar(4000) DEFAULT NULL,
  `LIFE_END` datetime DEFAULT NULL
) ENGINE=InnoDB DEFAULT CHARSET=utf8;

/*Data for the table `WX_TOKEN_TICKET_CONFIG` */

LOCK TABLES `WX_TOKEN_TICKET_CONFIG` WRITE;

insert  into `WX_TOKEN_TICKET_CONFIG`(`ACCESSTOKEN`,`JSAPI_TICKET`,`LIFE_END`) values ('l1JQB2XW2axFOLPijyrl1rLbdKKyOMBd5IvV8UJMJ9OFJH8Hr6weiptOKoVi9-rovi_COvYM1FxhJAAAP5EVUrNU4VKiWtyNcfM8JfymKqsBXYjAGAFBC','kgt8ON7yVITDhtdwci0qedFfhFhPUIjglpxTWOrqpOH4tYGxy34ubpcDiM_8r7b3u_QgYfnO31hk8w5_VhCyDQ','2016-10-09 17:05:39');

UNLOCK TABLES;

/*Table structure for table `key_message` */

DROP TABLE IF EXISTS `key_message`;

CREATE TABLE `key_message` (
  `id` varchar(200) NOT NULL,
  `type` varchar(50) DEFAULT NULL,
  `data` varchar(2000) DEFAULT NULL,
  `flag` varchar(50) DEFAULT NULL,
  PRIMARY KEY (`id`)
) ENGINE=InnoDB DEFAULT CHARSET=utf8;

/*Data for the table `key_message` */

LOCK TABLES `key_message` WRITE;

UNLOCK TABLES;

/*Table structure for table `users` */

DROP TABLE IF EXISTS `users`;

CREATE TABLE `users` (
  `id` varchar(100) DEFAULT NULL,
  `userId` varchar(100) DEFAULT NULL,
  `name` varchar(150) DEFAULT NULL,
  `password` varchar(4000) DEFAULT NULL,
  `type` varchar(50) DEFAULT NULL,
  `flag` varchar(50) DEFAULT NULL
) ENGINE=InnoDB DEFAULT CHARSET=utf8;

/*Data for the table `users` */

LOCK TABLES `users` WRITE;

insert  into `users`(`id`,`userId`,`name`,`password`,`type`,`flag`) values ('wqerwqerqw-qwerqwre123-asdfsdfsf-wqerq3qer','admin','admin','c14d8cecc2f75534ff11989098de3ed5','PC','1');

UNLOCK TABLES;

/*Table structure for table `wx_menu` */

DROP TABLE IF EXISTS `wx_menu`;

CREATE TABLE `wx_menu` (
  `data` blob NOT NULL,
  `flag` varchar(50) DEFAULT NULL
) ENGINE=InnoDB DEFAULT CHARSET=utf8;

/*Data for the table `wx_menu` */

LOCK TABLES `wx_menu` WRITE;

insert  into `wx_menu`(`data`,`flag`) values ('╛М\0sr\0java.util.HashMapзац`я\0F\0\nloadFactorI\0	thresholdxp?@\0\0\0\0\0w\0\0\0\0\0\0t\0idt\0Roott\0pIdt\0\0t\0indext\01t\0pNamet\0\0t\0subMenussr\0java.util.ArrayListx│р≥гa²\0I\0sizexp\0\0\0w\0\0\0\nsq\0~\0\0?@\0\0\0\0\0w\0\0\0\0\0\0t\0idt\0m_0t\0pIdt\0Roott\0indext\01t\0pNamet\0ROOTt\0subMenussq\0~\0\0\0\0\0w\0\0\0\nxt\0namet\0Е°╗Г╨©Х╝╒Х╢╜t\0typet\0viewt\0keyt\0Е__URL:https://open.weixin.qq.com/connect/oauth2/authorize?appid=wx0f85e6abf15f9e3b&redirect_uri=http%3a%2f%2f139.196.234.158%2fWGQC%2fPUBLIC%2fWXRedirectServlet&response_type=code&scope=snsapi_userinfo&state=STATE#wechat_redirectxxt\0namet\0ROOTt\0typet\0clickt\0keyt\0rootx','1');

UNLOCK TABLES;

/*Table structure for table `past_12month_view` */

DROP TABLE IF EXISTS `past_12month_view`;

/*!50001 DROP VIEW IF EXISTS `past_12month_view` */;
/*!50001 DROP TABLE IF EXISTS `past_12month_view` */;

/*!50001 CREATE TABLE  `past_12month_view`(
 `month` varchar(7) NULL 
)*/;

/*View structure for view past_12month_view */

/*!50001 DROP TABLE IF EXISTS `past_12month_view` */;
/*!50001 DROP VIEW IF EXISTS `past_12month_view` */;

/*!50001 CREATE ALGORITHM=UNDEFINED DEFINER=`wqc`@`%` SQL SECURITY DEFINER VIEW `past_12month_view` AS select date_format(curdate(),'%Y-%m') AS `month` union select date_format((curdate() - interval 1 month),'%Y-%m') AS `month` union select date_format((curdate() - interval 2 month),'%Y-%m') AS `month` union select date_format((curdate() - interval 3 month),'%Y-%m') AS `month` union select date_format((curdate() - interval 4 month),'%Y-%m') AS `month` union select date_format((curdate() - interval 5 month),'%Y-%m') AS `month` union select date_format((curdate() - interval 6 month),'%Y-%m') AS `month` union select date_format((curdate() - interval 7 month),'%Y-%m') AS `month` union select date_format((curdate() - interval 8 month),'%Y-%m') AS `month` union select date_format((curdate() - interval 9 month),'%Y-%m') AS `month` union select date_format((curdate() - interval 10 month),'%Y-%m') AS `month` union select date_format((curdate() - interval 11 month),'%Y-%m') AS `month` */;

/*!40101 SET SQL_MODE=@OLD_SQL_MODE */;
/*!40014 SET FOREIGN_KEY_CHECKS=@OLD_FOREIGN_KEY_CHECKS */;
/*!40014 SET UNIQUE_CHECKS=@OLD_UNIQUE_CHECKS */;
/*!40111 SET SQL_NOTES=@OLD_SQL_NOTES */;
